Payee_ID,Internal Code
SP001,AWIC1909
SP001,AWIC1911
SP001,AWIC2037
SP001,AWIC2202
SP001,DIRT1910
SP001,DIRT1913
SP001,DIRT2008
SP001,DIRT2013
SP001,FECA01
SP001,POOR1909
SP001,POOR2005
SP001,POOR2010
SP001,POOR2101
SP001,POOR2108
SP001,POOR2109
SP001,QUII2219
SP001,ROSE2101
SP001,SAUE1901
SP001,TOGO2202
SP001,TOGO2208
SP001,XOTU2202
SP001,XOTU2203
SP001,XOTU2204
SP001,XOTU2205
SP001,XOTU2206
SP001,YULH2135
SP002,ANVA2101
SP002,LAAB1905
SP002,QUII2206
SP002,QUII2207
SP002,QUII2210
SP002,SMAR2202
SP003,ANVA1905
SP003,LAAB1905
SP003,LAAB2101
SP003,LAAB2106
SP004,ZOOB1901
SP004,ZOOB1902
SP004,ZOOB1904
SP004,ZOOB1905
SP004,ZOOB1906
SP004,ZOOB1914
SP004,ZOOB1917
SP004,ZOOB1918
SP004,ZOOB2209
SP004,ZOOB2217
SP005,AWIC1906
SP005,AWIC1911
SP005,AWIC1913
SP005,AWIC1914
SP005,AWIC1915
SP005,AWIC1918
SP005,AWIC1922
SP005,AWIC1923
SP005,AWIC1928
SP005,AWIC1930
SP005,AWIC1931
SP005,AWIC2001
SP005,AWIC2002
SP005,AWIC2003
SP005,AWIC2004
SP005,AWIC2005
SP005,AWIC2006
SP005,AWIC2007
SP005,AWIC2008
SP005,AWIC2009
SP005,AWIC2010
SP005,AWIC2011
SP005,AWIC2013
SP005,AWIC2014
SP005,AWIC2015
SP005,ZAYN2020
SP005,ZAYN2204
SP006,DIRT1902
SP006,DIRT1908
SP006,DIRT1909
SP006,DIRT1910
SP006,DIRT1913
SP006,DIRT1914
SP006,DIRT1915
SP006,DIRT2002
SP006,DIRT2003
SP006,DIRT2008
SP006,DIRT2013
SP006,DIRT2014
SP006,DIRT2015
SP006,DIRT2017
SP006,DIRT2018
SP006,DIRT2108
SP006,DIRT2207
SP006,E02-DIRT
SP006,TACS1901
SP006,TACS2003
SP006,TACS2006
SP007,AWIC1902
SP007,AWIC1906
SP007,AWIC1918
SP007,AWIC1930
SP007,AWIC2013
SP007,AWIC2019
SP007,AWIC2022
SP007,AWIC2023
SP007,AWIC2025
SP007,AWIC2028
SP007,AWIC2030
SP007,AWIC2036
SP007,AWIC2037
SP007,AWIC2042
SP007,AWIC2043
SP007,AWIC2044
SP007,AWIC2046
SP007,AWIC2049
SP007,AWIC2050
SP007,AWIC2056
SP007,AWIC2101
SP007,AWIC2103
SP007,AWIC2110
SP007,AWIC2114
SP007,AWIC2120
SP007,AWIC2125
SP007,BAHO2202
SP007,BAHO2203
SP007,POOR2104
SP007,TOUB1905
SP007,TOUB1910
SP007,YULH2036
SP007,ZAYN2101
SP007,ZAYN2202
SP008,YULH1901
SP008,YULH1902
SP008,YULH1903
SP008,YULH1905
SP008,YULH1906
SP008,YULH1907
SP008,YULH1908
SP008,YULH1909
SP008,YULH1910
SP008,YULH1913
SP008,YULH1914
SP008,YULH1915
SP008,YULH1916
SP008,YULH2003
SP008,YULH2004
SP008,YULH2005
SP008,YULH2006
SP008,YULH2007
SP008,YULH2010
SP008,YULH2011
SP008,YULH2013
SP008,YULH2014
SP008,YULH2015
SP008,YULH2016
SP008,YULH2017
SP008,YULH2019
SP008,YULH2021
SP008,YULH2026
SP008,YULH2027
SP008,YULH2028
SP008,YULH2032
SP008,YULH2036
SP008,YULH2038
SP008,YULH2101
SP008,YULH2102
SP008,YULH2103
SP008,YULH2104
SP008,YULH2109
SP008,YULH2110
SP008,YULH2116
SP008,YULH2121
SP008,YULH2122
SP008,YULH2123
SP008,YULH2124
SP008,YULH2127
SP008,YULH2132
SP008,YULH2135
SP008,YULH2136
SP008,YULH2201
SP009,BOES1904
SP009,BOES1906
SP009,BOES1910
SP009,BOES2001
SP009,BOES2002
SP009,BOES2006
SP009,BOES2007
SP009,BOES2008
SP009,BOES2010
SP009,BOES2011
SP009,BOES2012
SP009,BOES2013
SP009,BOES2014
SP009,BOES2015
SP009,BOES2016
SP009,BOES2017
SP009,BOES2018
SP009,BOES2021
SP009,BOES2023
SP009,BOES2024
SP009,BOES2102
SP009,BOES2103
SP009,BOES2104
SP009,BOES2108
SP009,BOES2109
SP009,BOES2110
SP009,BOES2111
SP009,BOES2112
SP009,BOES2113
SP009,BOES2114
SP009,BOES2115
SP009,BOES2118
SP010,AHAL1902
SP010,AHAL1903
SP010,AHAL1905
SP010,AHAL1906
SP010,AHAL1907
SP010,AHAL1909
SP010,AHAL1910
SP010,AHAL1911
SP010,AHAL1912
SP010,AHAL1913
SP010,AHAL1914
SP010,AHAL1915
SP011,POOR1901
SP011,POOR1904
SP011,POOR1907
SP011,POOR1908
SP011,POOR1909
SP011,POOR1910
SP011,POOR2005
SP011,POOR2008
SP011,POOR2010
SP011,POOR2011
SP011,POOR2012
SP011,POOR2014
SP011,POOR2015
SP011,POOR2103
SP011,POOR2104
SP011,POOR2105
SP011,POOR2108
SP011,POOR2109
SP011,POOR2201
SP011,POOR2203
SP012,AWIC1909
SP013,AWIC1925
SP013,EERK2202
SP013,GHET1902
SP013,GHET1903
SP013,GHET1904
SP013,GHET1905
SP013,GHET1906
SP013,GHET2001
SP013,GHET2002
SP013,GHET2003
SP013,GHET2101
SP013,GHET2102
SP013,GHET2201
SP013,GHET2203
SP013,LAAB2105
SP013,LAAB2114
SP013,POOR1904
SP013,POOR1907
SP013,POOR1908
SP013,POOR1909
SP013,POOR2005
SP013,POOR2008
SP013,POOR2010
SP013,POOR2011
SP013,POOR2012
SP013,POOR2014
SP013,POOR2015
SP013,POOR2103
SP013,POOR2104
SP013,POOR2105
SP013,POOR2108
SP013,POOR2109
SP013,POOR2201
SP013,POOR2203
SP014,POOR1904
SP014,POOR1907
SP014,POOR1908
SP014,POOR1909
SP014,POOR1910
SP014,POOR2005
SP014,POOR2008
SP014,POOR2010
SP014,POOR2011
SP014,POOR2012
SP014,POOR2014
SP014,POOR2103
SP014,POOR2104
SP014,POOR2105
SP014,POOR2108
SP014,POOR2109
SP015,ANVA1905
SP015,ANVA2004
SP015,ANVA2007
SP015,ANVA2011
SP015,ANVA2101
SP015,ANVA2104
SP015,ANVA2113
SP015,ARCU2001
SP015,ARCU2002
SP015,ARCU2105
SP015,AWIC1815
SP015,AWIC1902
SP015,AWIC1906
SP015,AWIC1918
SP015,AWIC1930
SP015,AWIC1949
SP015,AWIC2013
SP015,AWIC2015
SP015,AWIC2019
SP015,AWIC2025
SP015,AWIC2028
SP015,AWIC2030
SP015,AWIC2036
SP015,AWIC2037
SP015,AWIC2043
SP015,AWIC2044
SP015,AWIC2046
SP015,AWIC2049
SP015,AWIC2101
SP015,AWIC2102
SP015,AWIC2103
SP015,AWIC2104
SP015,AWIC2105
SP015,AWIC2107
SP015,AWIC2108
SP015,AWIC2125
SP015,AWIC2201
SP015,AWIC2202
SP015,AWIC2210
SP015,BOES1904
SP015,BOES1910
SP015,BOES2025
SP015,BOES2120
SP015,CONC
SP015,DIRT1908
SP015,DIRT1909
SP015,DIRT1910
SP015,DIRT1913
SP015,DIRT1914
SP015,DIRT1915
SP015,DIRT2002
SP015,DIRT2003
SP015,DIRT2008
SP015,DIRT2013
SP015,DIRT2014
SP015,DIRT2015
SP015,DIRT2017
SP015,DIRT2102
SP015,DIRT2107
SP015,DIRT2108
SP015,DIRT2109
SP015,DIRT2207
SP015,DIRT2208
SP015,FILU2001
SP015,GAPE2201
SP015,GAPE2205
SP015,GHET1902
SP015,GHET1903
SP015,GHET1904
SP015,GHET1905
SP015,GHET1906
SP015,GHET2001
SP015,GHET2002
SP015,GHET2003
SP015,LAAB1904
SP015,LAAB1905
SP015,LAAB1908
SP015,LAAB1910
SP015,LAAB1911
SP015,LAAB1912
SP015,LAAB2003
SP015,LAAB2004
SP015,LAAB2010
SP015,LAAB2011
SP015,LAAB2012
SP015,LAAB2101
SP015,LAAB2214
SP015,LAAB6677
SP015,LIBU1905
SP015,LIBU1906
SP015,LIBU1909
SP015,LIBU1911
SP015,LIBU1914
SP015,LIBU1915
SP015,LIBU1916
SP015,LIBU2001
SP015,LIBU2101
SP015,LITO2102
SP015,MAOT1901
SP015,MERU2001
SP015,NCDU1913
SP015,NCDU2013
SP015,NGHE1904
SP015,NGHE1906
SP015,NGHE1908
SP015,NGHE1909
SP015,PARG1902
SP015,PARG1905
SP015,POOR1904
SP015,POOR1907
SP015,POOR1908
SP015,POOR1909
SP015,POOR1910
SP015,POOR2005
SP015,POOR2008
SP015,POOR2010
SP015,POOR2011
SP015,POOR2014
SP015,POOR2015
SP015,POOR2103
SP015,POOR2104
SP015,POOR2105
SP015,POOR2108
SP015,POOR2109
SP015,POOR2201
SP015,REME2001
SP015,RETE2001
SP015,RMIT2001
SP015,RMIT2009
SP015,ROSE2101
SP015,ROSE2201
SP015,TACS1901
SP015,VAWN1901
SP015,WISH2101
SP015,XEMU1908
SP015,YULH1901
SP015,YULH1902
SP015,YULH1903
SP015,YULH1905
SP015,YULH1909
SP015,YULH1910
SP015,YULH1913
SP015,YULH1916
SP015,YULH2003
SP015,YULH2004
SP015,YULH2006
SP015,YULH2008
SP015,YULH2010
SP015,YULH2011
SP015,YULH2014
SP015,YULH2019
SP015,YULH2024
SP015,YULH2026
SP015,YULH2028
SP015,YULH2031
SP015,YULH2032
SP015,YULH2037
SP015,YULH2129
SP015,YULH2133
SP015,YULH2205
SP015,ZAYN1901
SP015,ZAYN2008
SP015,ZAYN2010
SP015,ZAYN2013
SP015,ZAYN2014
SP015,ZAYN2016
SP015,ZAYN2020
SP015,ZAYN2024
SP015,ZAYN2101
SP015,ZAYN2104
SP015,ZAYN2201
SP015,ZAYN2202
SP015,ZOOB2020
SP015,ZOOB2203
SP022,POOR2005
SP022,POOR2008
SP022,POOR2010
SP022,POOR2011
SP022,POOR2012
SP022,POOR2014
SP022,POOR2015
SP022,POOR2103
SP022,POOR2104
SP022,POOR2105
SP022,POOR2108
SP022,POOR2109
SP022,POOR2201
SP022,POOR2202
SP022,POOR2203
SP023,ANVA1910
SP023,ANVA2007
SP023,ANVA2009
SP023,ANVA2010
SP023,ANVA2011
SP023,ANVA2101
SP023,ANVA2102
SP023,ANVA2103
SP023,ANVA2104
SP023,ANVA2105
SP023,ANVA2106
SP023,ANVA2107
SP023,ANVA2108
SP023,ANVA2109
SP023,ANVA2110
SP023,ANVA2111
SP023,ANVA2112
SP023,ANVA2113
SP023,ANVA2114
SP023,ANVA2201
SP023,ANVA2202
SP023,ANVA2203
SP023,ANVA2204
SP023,ANVA2205
SP023,ANVA2206
SP023,ANVA2207
SP023,ANVA2209
SP023,ANVA2213
SP023,ANVA2214
SP023,ANVA2215
SP024,AWIC1923
SP024,AWIC2013
SP024,AWIC2014
SP024,AWIC2015
SP024,AWIC2105
SP024,AWIC2106
SP024,AWIC2108
SP024,AWIC2201
SP024,AWIC2202
SP024,AWIC2203
SP024,AWIC2204
SP024,AWIC2205
SP024,AWIC2206
SP025,QUIS2003
SP026,LIBU1909
SP028,DIRT1902
SP028,DIRT1908
SP028,DIRT1913
SP028,DIRT1914
SP028,DIRT2013
SP028,DIRT2014
SP028,DIRT2015
SP028,DIRT2017
SP028,DIRT2018
SP028,DIRT2101
SP028,DIRT2102
SP028,DIRT2105
SP028,DIRT2107
SP028,DIRT2108
SP028,DIRT2109
SP028,DIRT2206
SP028,DIRT2207
SP028,DIRT2208
SP028,DIRT2209
SP028,DIRT2210
SP030,GHET2001
SP030,GHET2002
SP030,GHET2003
SP030,GHET2101
SP030,GHET2102
SP030,GHET2103
SP030,GHET2201
SP030,GHET2202
SP030,GHET2203
SP030,GHET2204
SP031,ZOOB2020
SP031,ZOOB2201
SP031,ZOOB2202
SP031,ZOOB2204
SP031,ZOOB2207
SP032,NGHE1906
SP033,YULH1907
SP033,YULH2001
SP033,YULH2005
SP033,YULH2006
SP033,YULH2007
SP033,YULH2010
SP033,YULH2011
SP033,YULH2013
SP033,YULH2014
SP033,YULH2015
SP033,YULH2016
SP033,YULH2017
SP033,YULH2018
SP033,YULH2019
SP033,YULH2021
SP033,YULH2022
SP033,YULH2023
SP033,YULH2025
SP033,YULH2026
SP033,YULH2027
SP033,YULH2028
SP033,YULH2031
SP033,YULH2032
SP033,YULH2033
SP033,YULH2035
SP033,YULH2036
SP033,YULH2037
SP033,YULH2038
SP033,YULH2041
SP033,YULH2044
SP033,YULH2045
SP033,YULH2101
SP033,YULH2102
SP033,YULH2103
SP033,YULH2104
SP033,YULH2109
SP033,YULH2110
SP033,YULH2111
SP033,YULH2112
SP033,YULH2116
SP033,YULH2120
SP033,YULH2121
SP033,YULH2122
SP033,YULH2123
SP033,YULH2124
SP033,YULH2127
SP033,YULH2129
SP033,YULH2130
SP033,YULH2131
SP033,YULH2132
SP033,YULH2133
SP033,YULH2134
SP033,YULH2135
SP033,YULH2136
SP033,YULH2138
SP033,YULH2139
SP033,YULH2140
SP033,YULH2201
SP033,YULH2202
SP033,YULH2203
SP033,YULH2205
SP033,YULH2207
SP033,YULH2208
SP033,YULH2209
SP033,YULH2212
SP033,YULH2213
SP033,YULH2215
SP033,YULH2216
SP035,ANVA1904
SP035,ANVA1906
SP035,ANVA1907
SP035,ANVA1911
SP035,ANVA1912
SP035,ANVA2001
SP035,ANVA2003
SP035,ANVA2005
SP035,ANVA2006
SP035,AWIC2056
SP035,BE 65832
SP035,BE 65863
SP035,BE 66063
SP035,BE 66073
SP035,BE 66126
SP035,BE 66159
SP035,BE 66174
SP035,BE 66182
SP035,BE 66225
SP035,BE 66244
SP035,BE 66258
SP035,BE 66281
SP035,BE 66331
SP035,BE 66347
SP035,BE 66471
SP035,BE 66472
SP035,BE 66542
SP035,BE 66638
SP035,BE 66661
SP035,BE 66705
SP035,BE 66709
SP035,BE 66891
SP035,BE 66893
SP035,BE 66921
SP035,BE 66942
SP035,BE 67087
SP035,BE 67144
SP035,BE 67173
SP035,BE 67174
SP035,BE 67175
SP035,BE 67204
SP035,BE 67226
SP035,BE 67274
SP035,BEL177-1
SP035,BMV.3673
SP035,BMV.3932
SP035,BVM.1498
SP035,BVM.1851
SP035,BVM.1957
SP035,BVM.2073
SP035,BVM.2505
SP035,BVM.2599
SP035,BVM.2694
SP035,BVM.2826
SP035,BVM.2944
SP035,BVM.3017
SP035,BVM.3020
SP035,BVM.3226
SP035,BVM.3370
SP035,BVM.3372
SP035,BVM.3419
SP035,BVM.3441
SP035,BVM.3446
SP035,BVM.3447
SP035,BVM.3583
SP035,BVM.3589
SP035,BVM.3698
SP035,BVM.3745
SP035,BVM.3799
SP035,BVM.3802
SP035,BVM.3932
SP035,BVM.3971
SP035,BVM.3979
SP035,BVM.4078
SP035,BVM.4177
SP035,BVM.4178
SP035,BVM.4222
SP035,BVM.4239
SP035,BVM.4327
SP035,BVM.4447
SP035,BVM.4493
SP035,BVM.4518
SP035,BVM.4635
SP035,BVM.4716
SP035,BVM.4717
SP035,CCM.1530
SP035,CCM.1623
SP035,CCM.1686
SP035,CCM.1708
SP035,CCM.1753
SP035,CCM.1763
SP035,CCM.1774
SP035,CCM.1780
SP035,CCM.1781
SP035,CCM.1815
SP035,CCM.1816
SP035,CCM.1830
SP035,CCM.1848
SP035,CCM.1853
SP035,CCM.1870
SP035,CCM.1901
SP035,CCM.1902
SP035,CCM.1912
SP035,CCM.1920
SP035,CCM.1935
SP035,CCM.1955
SP035,CCM.1959
SP035,CCM.1997
SP035,CCM.2025
SP035,CCM.2041
SP035,CCM.2080
SP035,CCM.2084
SP035,CCM.2098
SP035,CCM.2119
SP035,CCM.2162
SP035,GHET2002
SP035,GHET2003
SP035,LAAB1903
SP035,LAAB1905
SP035,LAAB1908
SP035,LAAB1909
SP035,LAAB1910
SP035,LAAB1911
SP035,LAAB1912
SP035,LAAB2001
SP035,LAAB2002
SP035,LAAB2004
SP035,LAAB2006
SP035,LAAB2007
SP035,POOR1907
SP035,POOR1908
SP035,POOR1909
SP035,POOR1910
SP035,POOR2012
SP035,POOR2014
SP035,POOR2015
SP035,POOR2103
SP035,POOR2109
SP035,XEMU1908
SP035,XEMU1909
SP035,XEMU1910
SP035,XEMU1911
SP035,XEMU1912
SP035,XEMU2002
SP035,XEMU2003
SP035,XEMU2005
SP035,XEMU2006
SP035,YULH1905
SP035,YULH1910
SP035,YULH1913
SP035,YULH1914
SP035,YULH1916
SP035,YULH2003
SP035,YULH2007
SP035,YULH2010
SP035,YULH2014
SP035,YULH2019
SP035,YULH2028
SP035,YULH2036
SP035,YULH2129
SP035,YULH2131
SP035,ZAYN2104
SP036,GHET1902
SP036,GHET1903
SP036,GHET1904
SP036,GHET1905
SP036,GHET1906
SP036,GHET2001
SP036,GHET2002
SP036,GHET2003
SP036,GHET2101
SP036,GHET2102
SP036,GHET2103
SP036,GHET2201
SP036,GHET2202
SP036,GHET2203
SP036,POOR2204
SP037,NGHE1904
SP037,NGHE1906
SP037,NGHE1908
SP037,NGHE1909
SP038,AWIC2028
SP038,AWIC2036
SP038,AWIC2043
SP038,BOES2118
SP038,DIRT1910
SP038,DIRT1918
SP038,DIRT2008
SP038,FYNL1901
SP038,LAAB2114
SP038,POOR2005
SP038,POOR2014
SP038,POOR2108
SP038,RETE2001
SP038,RMIT2001
SP038,SUPB1901
SP038,XEMU1908
SP039,QUIS1802
SP039,QUIS1803
SP039,QUIS1804
SP039,QUIS1901
SP039,QUIS1902
SP039,QUIS1903
SP039,QUIS1904
SP040,ANVA2004
SP040,ANVA2005
SP040,BE 66653
SP040,BOES2114
SP040,BVM.4517
SP040,CCM.2119
SP040,LAAB 671
SP040,LAAB 673
SP040,LAAB1910
SP040,LAAB1912
SP040,LAAB2004
SP040,LAAB2006
SP040,LAAB2009
SP040,LAAB6514
SP040,MERU2001
SP040,POOR1904
SP040,QUII2222
SP040,XOTU2206
SP040,YULH2122
SP040,YULH2123
SP040,YULH2127
SP040,YULH2132
SP044,PARG1902
SP044,PARG1905
SP045,AVER1901
SP046,QUIS1902
SP046,QUIS1903
SP046,QUIS1904
SP046,QUIS2003
SP047,RETE2001
SP049,XEMU1908
SP053,NCDU1905
SP053,NCDU1907
SP053,NCDU1908
SP053,NCDU1910
SP053,NCDU1912
SP053,NCDU1913
SP053,NCDU2001
SP053,NCDU2002
SP053,NCDU2003
SP053,NCDU2004
SP053,NCDU2005
SP053,NCDU2009
SP053,NCDU2010
SP053,NCDU2011
SP053,NCDU2012
SP053,NCDU2013
SP053,NCDU2101
SP053,NCDU2203
SP054,BALE2001
SP054,DUUT2201
SP054,ECMT1901
SP054,FILU2001
SP054,FILU2002
SP054,PAPE2203
SP054,SAUE1901
SP054,SOLU1901
SP057,BOES2008
SP057,BOES2010
SP057,BOES2011
SP057,BOES2012
SP057,BOES2013
SP057,BOES2014
SP057,BOES2015
SP057,BOES2016
SP057,BOES2017
SP057,BOES2018
SP057,BOES2023
SP057,BOES2024
SP057,BOES2025
SP057,BOES2102
SP057,BOES2103
SP057,BOES2104
SP057,BOES2108
SP057,BOES2109
SP057,BOES2110
SP057,BOES2111
SP057,BOES2112
SP057,BOES2113
SP057,BOES2114
SP057,BOES2115
SP057,BOES2118
SP057,BOES2119
SP057,BOES2120
SP057,BOES2201
SP057,BOES2202
SP057,BOES2203
SP058,ANVA1909
SP058,ANVA1910
SP058,BE 65830
SP058,BE 65964
SP058,BE 66038
SP058,BE 66356
SP058,BE 66369
SP058,BE 66428
SP058,BE 66656
SP058,BE 66777
SP058,BE 66978
SP058,BE 67086
SP058,BE 67114
SP058,BE 67278
SP058,BMV.4894
SP058,BVM.2750
SP058,BVM.2980
SP058,BVM.3018
SP058,BVM.3169
SP058,BVM.3209
SP058,BVM.3369
SP058,BVM.3429
SP058,BVM.3445
SP058,BVM.3865
SP058,BVM.4077
SP058,BVM.4221
SP058,BVM.4265
SP058,BVM.4267
SP058,BVM.4270
SP058,BVM.4342
SP058,BVM.4343
SP058,BVM.4395
SP058,BVM.4634
SP058,BVM.4770
SP058,BVM.4774
SP058,BVM.4823
SP058,BVM.4941
SP058,CCM.1545
SP058,CCM.1632
SP058,CCM.1671
SP058,CCM.1686
SP058,CCM.1706
SP058,CCM.1753
SP058,CCM.1781
SP058,CCM.1958
SP058,CCM.1997
SP058,CCM.2042
SP058,CCM.2052
SP058,CCM.2066
SP058,CCM.2079
SP058,CCM.2140
SP058,CCM.2147
SP058,CCM.2191
SP058,CCM.2210
SP058,CCM.2236
SP058,CCM.2306
SP058,REME2001
SP058,YULH2011
SP058,YULH2024
SP058,YULH2026
SP058,YULH2038
SP058,YULH2104
SP058,YULH2110
SP058,YULH2121
SP058,YULH2127
SP059,DUUT2101
SP059,DUUT2201
SP060,AWIC1911
SP060,AWIC1918
SP060,AWIC1922
SP060,AWIC1923
SP060,AWIC1928
SP060,AWIC1930
SP060,AWIC2001
SP060,AWIC2002
SP060,AWIC2003
SP060,AWIC2004
SP060,AWIC2005
SP060,AWIC2006
SP060,AWIC2007
SP060,AWIC2008
SP060,AWIC2009
SP060,AWIC2010
SP060,AWIC2011
SP060,AWIC2013
SP060,AWIC2014
SP060,AWIC2015
SP060,AWIC2101
SP060,AWIC2102
SP060,AWIC2103
SP060,AWIC2104
SP060,AWIC2105
SP060,AWIC2106
SP060,AWIC2108
SP060,AWIC2201
SP060,AWIC2202
SP060,AWIC2203
SP060,AWIC2204
SP060,AWIC2205
SP060,AWIC2206
SP060,RETE2001
SP061,PAUN1906
SP062,LIBU1906
SP062,LIBU1911
SP062,LIBU1914
SP062,LIBU1916
SP062,NGHE1906
SP062,REME2001
SP063,AWIC2001
SP063,AWIC2013
SP063,AWIC2022
SP063,AWIC2023
SP063,AWIC2041
SP063,AWIC2050
SP063,AWIC2058
SP063,AWIC2102
SP063,AWIC2116
SP063,AWIC2119
SP063,MAOT1901
SP063,TACS2003
SP063,TACS2006
SP063,TACS2010
SP063,TACS2101
SP063,TACS2103
SP063,TACS2104
SP063,TACS2105
SP063,YULH1907
SP063,YULH1908
SP063,YULH1915
SP063,YULH2005
SP063,YULH2006
SP063,YULH2013
SP063,YULH2015
SP063,YULH2016
SP063,YULH2018
SP063,YULH2021
SP063,YULH2023
SP063,YULH2033
SP063,YULH2037
SP063,YULH2041
SP063,YULH2042
SP063,YULH2044
SP063,YULH2107
SP063,YULH2108
SP063,YULH2120
SP064,TACS2003
SP064,TACS2006
SP064,TACS2007
SP064,TACS2101
SP064,TACS2103
SP064,TACS2104
SP064,TACS2105
SP065,LAAB1910
SP065,LAAB1911
SP065,LAAB1912
SP065,LAAB2001
SP065,LAAB2005
SP065,LAAB2006
SP065,LAAB2007
SP065,LAAB2008
SP065,LAAB2009
SP065,LAAB2010
SP065,LAAB2011
SP065,LAAB2012
SP065,LAAB2101
SP065,LAAB2102
SP065,LAAB2103
SP065,LAAB2104
SP065,LAAB2105
SP065,LAAB2106
SP065,LAAB2107
SP065,LAAB2108
SP065,LAAB2109
SP065,LAAB2110
SP065,LAAB2111
SP065,LAAB2112
SP065,LAAB2114
SP065,LAAB2201
SP065,LAAB2202
SP065,LAAB2203
SP065,LAAB2204
SP065,LAAB2205
SP065,LAAB2206
SP065,LAAB2207
SP065,LAAB2213
SP065,LAAB2214
SP067,BE 66233
SP067,BE 66280
SP067,BE 67092
SP067,BE 67093
SP067,BE 67094
SP067,BE 67095
SP067,BE 67167
SP067,BE 67176
SP067,BE 67177
SP067,BE 67179
SP067,LAAB1904
SP067,LAAB1907
SP067,LAAB1910
SP067,LAAB1911
SP067,LAAB1912
SP067,LAAB2001
SP067,LAAB2004
SP067,LAAB2007
SP067,LAAB2012
SP073,GIVA2201
SP073,LAAB2204
SP073,YULH1906
SP073,YULH2014
SP073,YULH2024
SP073,YULH2127
SP073,YULH2132
SP073,YULH2205
SP074,ZAYN2204
SP075,TOUB1905
SP075,TOUB1910
SP075,TOUB1915
SP076,LAAB1910
SP076,LAAB1911
SP076,LAAB2003
SP076,LAAB2004
SP076,LAAB2010
SP076,LAAB2011
SP076,LAAB2104
SP076,LAAB2114
SP077,GHET2202
SP077,LAAB1910
SP077,LAAB1911
SP077,LAAB2003
SP077,LAAB2004
SP077,LAAB2011
SP077,LAAB2104
SP077,WISH2201
SP077,ZOOB2020
SP078,AWIC1907
SP078,AWIC1920
SP078,AWIC1923
SP078,AWIC1925
SP078,AWIC1930
SP078,AWIC2013
SP078,AWIC2019
SP078,AWIC2022
SP078,AWIC2023
SP078,AWIC2025
SP078,AWIC2028
SP078,AWIC2030
SP078,AWIC2037
SP078,AWIC2042
SP078,AWIC2043
SP078,AWIC2044
SP078,AWIC2110
SP078,AWIC2112
SP078,AWIC2114
SP078,AWIC2119
SP078,AWIC2120
SP078,AWIC2121
SP078,AWIC2123
SP078,AWIC2124
SP078,AWIC2125
SP078,AWIC2126
SP078,AWIC2201
SP078,AWIC2202
SP078,AWIC2204
SP078,AWIC2212
SP078,AWIC2213
SP079,TACS1901
SP079,TACS2006
SP079,TACS2007
SP079,TACS2101
SP079,TACS2103
SP079,TACS2104
SP079,TACS2105
SP081,ZAYN1901
SP081,ZAYN2008
SP081,ZAYN2010
SP081,ZAYN2013
SP081,ZAYN2014
SP081,ZAYN2016
SP081,ZAYN2019
SP081,ZAYN2020
SP081,ZAYN2021
SP081,ZAYN2024
SP085,ARCU2105
SP085,DIRT1910
SP085,DIRT1913
SP085,DIRT1918
SP085,DIRT2002
SP085,DIRT2003
SP085,DIRT2008
SP085,DIRT2015
SP085,LITO2101
SP085,QUII2219
SP085,QUII2228
SP085,ROSE2101
SP085,SACI2001
SP085,WISH2102
SP087,GHET2003
SP087,GHET2202
SP087,POOR1910
SP087,POOR2005
SP087,POOR2008
SP087,POOR2011
SP087,POOR2012
SP087,POOR2014
SP087,POOR2103
SP087,POOR2104
SP087,POOR2105
SP087,POOR2109
SP087,POOR2201
SP087,POOR2203
SP088,MERU2001
SP089,ANVA2004
SP089,ANVA2007
SP089,ANVA2011
SP089,ANVA2101
SP089,ANVA2104
SP089,ANVA2113
SP089,ANVA2215
SP089,GHET2103
SP089,LAAB1910
SP089,LAAB2004
SP089,LAAB2010
SP089,LAAB2104
SP089,LAAB2114
SP089,LAAB2214
SP091,AWIC1930
SP091,AWIC2213
SP091,BE 67173
SP091,DIRT2210
SP091,QUII2022
SP091,QUII2023
SP091,QUII2203
SP091,ZOOB2209
SP092,AWIC1930
SP092,AWIC2013
SP092,AWIC2019
SP092,AWIC2022
SP092,AWIC2028
SP092,AWIC2030
SP092,AWIC2036
SP092,AWIC2043
SP092,AWIC2120
SP092,AWIC2125
SP092,BOES2023
SP092,POOR2105
SP094,ABCO2001
SP094,ABCO2002
SP096,ANVA2004
SP096,ANVA2007
SP096,ANVA2011
SP096,ANVA2101
SP096,ANVA2104
SP096,ANVA2113
SP099,POOR2010
SP100,REME2001
SP101,LUXO2001
SP102,REME2001
SP104,PHIN2001
SP105,ARCU2001
SP105,ARCU2002
SP105,ARCU2105
SP106,ARCU2001
SP106,ARCU2002
SP106,ARCU2105
SP107,AWIC2030
SP107,AWIC2036
SP107,AWIC2044
SP107,AWIC2101
SP107,AWIC2110
SP107,AWIC2114
SP107,AWIC2120
SP107,AWIC2125
SP108,ANVA2011
SP108,ANVA2104
SP108,LAAB2011
SP108,LAAB2104
SP109,ATOS2001
SP109,ATOS2101
SP109,ATOS2102
SP110,ANVA2007
SP110,REME2001
SP111,AWIC2022
SP111,AWIC2050
SP111,AWIC2058
SP111,AWIC2119
SP112,AWIC2042
SP112,AWIC2046
SP112,AWIC2105
SP112,AWIC2112
SP112,AWIC2121
SP112,AWIC2202
SP112,AWIC2203
SP112,ZAYN2106
SP113,ATOS2001
SP114,GHET2002
SP115,NJDF2101
SP117,YULH2018
SP117,YULH2022
SP117,YULH2023
SP117,YULH2033
SP117,YULH2037
SP117,YULH2041
SP117,YULH2044
SP117,YULH2111
SP117,YULH2112
SP117,YULH2202
SP117,YULH2205
SP117,YULH2212
SP117,YULH2216
SP118,BOES2025
SP119,ZOOB2020
SP121,POOR2014
SP121,POOR2104
SP121,POOR2201
SP121,POOR2202
SP121,POOR2203
SP122,DIRT2101
SP123,AWIC2043
SP123,AWIC2047
SP125,AWIC2023
SP125,AWIC2102
SP125,AWIC2116
SP127,DIRT2014
SP127,DIRT2107
SP127,DIRT2208
SP127,EDIRT210
SP128,DIRT2015
SP128,DIRT2109
SP128,E02-DIRT
SP129,HUNG2101
SP131,DIRT2017
SP131,DIRT2209
SP132,ANVA2111
SP132,AWIC2051
SP132,AWIC2102
SP132,AWIC2103
SP132,BE 66356
SP132,BE 66961
SP132,POOR2001
SP132,POOR2015
SP132,POOR2101
SP132,POOR2104
SP132,ROSE2101
SP133,DIRT2102
SP133,DIRT2206
SP134,BALE2001
SP134,NJDF2101
SP135,BBIJ01
SP136,YULH2016
SP136,YULH2031
SP136,YULH2035
SP136,YULH2120
SP136,YULH2133
SP136,YULH2203
SP136,YULH2207
SP136,YULH2208
SP137,DIRT2013
SP137,XOTU2102
SP138,AWIC2022
SP140,AWIC2102
SP141,AWIC2103
SP142,AWIC2104
SP143,AWIC2101
SP143,AWIC2102
SP143,AWIC2103
SP143,AWIC2104
SP143,AWIC2204
SP143,AWIC2205
SP144,AWIC2013
SP145,AWIC2049
SP145,AWIC2107
SP146,BIGB2101
SP147,AWIC2101
SP148,BOES2025
SP148,BOES2120
SP149,FERT2103
SP151,BOES2118
SP151,GIVA2201
SP152,DIRT2105
SP153,EERK2201
SP153,YULH2025
SP153,YULH2037
SP153,YULH2042
SP153,YULH2043
SP153,YULH2044
SP153,YULH2111
SP153,YULH2112
SP154,TOGO2101
SP154,TOGO2102
SP154,TOGO2103
SP154,TOGO2104
SP154,TOGO2106
SP154,TOGO2107
SP154,TOGO2108
SP154,TOGO2109
SP154,TOGO2201
SP161,NHAN2101
SP162,ZAYN2024
SP163,BIGB2101
SP164,AWIC2106
SP164,AWIC2201
SP165,ZAYN2104
SP165,ZAYN2201
SP166,ZOOB1901
SP167,XOTU2102
SP168,GLOB2102
SP168,TOGO2103
SP168,TOGO2104
SP168,TOGO2106
SP168,TOGO2107
SP168,TOGO2108
SP168,TOGO2109
SP168,XOTU2102
SP168,XOTU2103
SP168,XOTU2104
SP168,XOTU2106
SP168,XOTU2107
SP168,XOTU2108
SP168,XOTU2109
SP170,ANVA2106
SP170,ROSE2101
SP171,WISH2101
SP172,YULH2027
SP173,WISH2101
SP173,WISH2201
SP176,ANVA2114
SP176,LAAB2114
SP176,LAAB2213
SP176,YULH2129
SP176,YULH2130
SP176,YULH2131
SP176,YULH2134
SP177,ANVA2003
SP177,ANVA2007
SP177,ANVA2104
SP177,ANVA2113
SP177,LAAB2003
SP177,LAAB2009
SP177,LAAB2104
SP178,ROSE2101
SP178,ROSE2201
SP178,ROSE2202
SP178,ROSE2203
SP179,AWIC2108
SP179,ROSE2101
SP179,ZAYN2109
SP180,AWIC2108
SP180,DIRT2101
SP181,YULH2127
SP181,YULH2132
SP182,SANI2101
SP183,DIRT2101
SP183,DIRT2113
SP183,WISH2101
SP185,ANVA2114
SP185,ANVA2213
SP185,LAAB2114
SP186,ATOS2102
SP187,GHET2101
SP187,GHET2102
SP187,GHET2103
SP188,PAPE2101
SP188,PAPE2102
SP188,PAPE2201
SP188,PAPE2203
SP190,BE 66773
SP190,PAPE2101
SP190,POOR2109
SP190,ROSE2101
SP190,TOGO2202
SP190,TOGO2203
SP190,TOGO2208
SP190,XOTU2201
SP190,XOTU2202
SP190,XOTU2205
SP191,LAAB2114
SP192,BOES2120
SP193,WISH2201
SP194,AWIC2121
SP194,BOES2201
SP194,BOES2202
SP194,BOES2203
SP194,GAPE2205
SP194,POOR2202
SP195,ZAYN2109
SP196,YULH2140
SP197,POOR2108
SP198,ANVA2113
SP199,ANVA2106
SP199,ANVA2114
SP199,LAAB2214
SP202,AUMO01
SP203,LIBU1801
SP203,LIBU1901
SP203,LIBU1902
SP203,LIBU1903
SP203,LIBU1905
SP203,LIBU1906
SP203,LIBU1907
SP203,LIBU1909
SP203,LIBU1910
SP203,LIBU1911
SP203,LIBU1912
SP203,LIBU1913
SP203,LIBU1914
SP203,LIBU1915
SP204,SANI2101
SP207,EERK2201
SP207,EERK2202
SP207,EERK2203
SP208,ROSE2101
SP209,EERK2201
SP210,ANVA2113
SP213,ZOOB2201
SP213,ZOOB2207
SP215,EXBE2201
SP215,EXBE2204
SP215,EXBE2205
SP215,EXBE2208
SP215,EXBE2209
SP216,ZOOB2201
SP216,ZOOB2202
SP216,ZOOB2204
SP216,ZOOB2206
SP216,ZOOB2207
SP216,ZOOB2208
SP217,EXBE2201
SP217,EXBE2202
SP217,EXBE2203
SP217,EXBE2204
SP217,EXBE2205
SP217,EXBE2206
SP217,EXBE2207
SP217,EXBE2208
SP217,EXBE2209
SP217,EXBE2210
SP218,QUII2201
SP218,QUII2202
SP218,QUII2203
SP218,QUII2205
SP218,QUII2206
SP218,QUII2207
SP218,QUII2208
SP218,QUII2209
SP218,QUII2210
SP218,QUII2211
SP218,QUII2212
SP218,QUII2213
SP218,QUII2214
SP218,QUII2215
SP218,QUII2216
SP218,QUII2217
SP219,EXBE2201
SP220,AWIC2202
SP222,WISH2202
SP223,ZOOB2201
SP227,GIVA2201
SP228,TOLI2201
SP229,POOR2201
SP230,AWIC2210
SP230,AWIC2213
SP230,LAAB2213
SP231,ANVA2213
SP231,ANVA2214
SP231,LAAB2214
SP232,ZOOB2203
SP236,FECA01
SP237,ZOOB2208
SP238,ZOOB2208
SP239,ZOOB2208
SP240,ZOOB2208
SP243,POOR2203
SP245,TOGO2208
SP245,XOTU2207
SP245,YULH2136
SP246,EXBE2204
SP246,EXBE2209
SP247,GHET2203
SP248,ROSE2203
SP249,ROSE2201
SP249,ROSE2202
SP250,ZOOB2216
SP253,ZOOB2216
SP254,
SP255,
SP256,
SP257,
SP258,
SP259,
SP260,
SP261,
SP262,
SP263,
SP264,
SP265,
SP266,
SP267,
SP268,
SP269,
SP270,
SP271,
SP272,
SP273,
SP274,
SP275,
SP276,
SP277,
SP278,
SP279,
SP280,
SP281,
SP282,
SP283,
SP284,
SP285,
SP286,
SP287,
SP288,
SP289,
SP290,
SP291,
SP292,
SP293,
SP294,
SP295,
SP296,
